{
	"schemaVersion": 1,
	"id": "testmod",
	"version": "${version}",
	"name": "TestMod",
	"description": "This is an example description! Tell everyone what your mod is about!",
	"authors": [
		"Me!"
	],
	"contact": {
		"homepage": "https://fabricmc.net/",
		"sources": "https://github.com/FabricMC/fabric-example-mod"
	},
	"license": "CC0-1.0",
	"icon": "assets/testmod/icon.png",
	"environment": "*",
	"entrypoints": {
		"main": [
			"net.idolfan.testmod.TestMod"
		],
		"client": [
			"net.idolfan.testmod.TestModClient"
		],
		"fabric-datagen": [
			"net.idolfan.testmod.TestModDataGenerator"
		]
	},
	"mixins": [
		"testmod.mixins.json",
		{
			"config": "testmod.client.mixins.json",
			"environment": "client"
		}
	],
	"depends": {
		"fabricloader": ">=0.15.11",
		"minecraft": "~1.20.6",
		"java": ">=21",
		"fabric-api": "*"
	},
	"suggests": {
		"another-mod": "*"
	}
}